"","WT","S","E","I","R","M","N","g.avg"
"1",0,199,1,0,0,0,200,0.0049951975952392
"2",8.85843059752907,199,0,1,0,0,200,0.0049951975952392
"3",9.9785760812068,199,0,0,0,1,199,0.00499211267797128
"4",10.4005158150926,198,1,0,0,1,199,0.00499211267797128
"5",11.6983748592746,197,2,0,0,1,199,0.00499211267797128
"6",13.4101344954756,196,3,0,0,1,199,0.00499211267797128
"7",13.9610098889563,196,2,1,0,1,199,0.00499211267797128
"8",15.0528901173148,195,3,1,0,1,199,0.00499211267797128
"9",15.4453165711059,194,4,1,0,1,199,0.00499211267797128
"10",16.2142119605797,194,3,2,0,1,199,0.00499211267797128
"11",16.4737739941309,194,2,3,0,1,199,0.00499211267797128
"12",16.6513839735479,194,1,4,0,1,199,0.00499211267797128
"13",17.0344582747325,193,2,4,0,1,199,0.00499211267797128
"14",17.0727916073799,192,3,4,0,1,199,0.00499211267797128
"15",17.1059303068421,192,3,3,0,2,198,0.00499496953984114
"16",17.1462786525059,192,3,2,0,3,197,0.00499819045761344
"17",17.167623668373,191,4,2,0,3,197,0.00499819045761344
"18",17.1979362959035,190,5,2,0,3,197,0.00499819045761344
"19",17.5863282549566,190,5,1,0,4,196,0.00499367000800835
"20",17.6109041188512,190,5,0,0,5,195,0.00498868025225817
"21",17.6356496045858,189,6,0,0,5,195,0.00498868025225817
"22",17.9533734652065,188,7,0,0,5,195,0.00498868025225817
"23",17.9880647238439,187,8,0,0,5,195,0.00498868025225817
"24",18.0659519129953,186,9,0,0,5,195,0.00498868025225817
"25",18.2883006863702,185,10,0,0,5,195,0.00498868025225817
"26",18.3306587355355,184,11,0,0,5,195,0.00498868025225817
"27",18.3414872307098,183,12,0,0,5,195,0.00498868025225817
"28",18.4598162220041,182,13,0,0,5,195,0.00498868025225817
"29",18.6537798154142,181,14,0,0,5,195,0.00498868025225817
"30",18.7028304412419,180,15,0,0,5,195,0.00498868025225817
"31",18.8926374365934,179,16,0,0,5,195,0.00498868025225817
"32",19.0398576428067,178,17,0,0,5,195,0.00498868025225817
"33",19.0936006500399,177,18,0,0,5,195,0.00498868025225817
"34",19.1430992465845,176,19,0,0,5,195,0.00498868025225817
"35",19.1940889039414,176,18,1,0,5,195,0.00498868025225817
"36",19.260473506416,175,19,1,0,5,195,0.00498868025225817
"37",19.4140251026567,174,20,1,0,5,195,0.00498868025225817
"38",19.8241951105675,174,19,2,0,5,195,0.00498868025225817
"39",20.1359566524426,174,18,3,0,5,195,0.00498868025225817
"40",20.2191956380271,173,19,3,0,5,195,0.00498868025225817
"41",20.2195618933365,173,19,2,0,6,194,0.00498820834747744
"42",20.4463480406945,172,20,2,0,6,194,0.00498820834747744
"43",20.4543228284824,171,21,2,0,6,194,0.00498820834747744
"44",20.6244293308337,171,20,3,0,6,194,0.00498820834747744
"45",20.8470537873349,171,19,4,0,6,194,0.00498820834747744
"46",20.9666594336304,171,18,5,0,6,194,0.00498820834747744
"47",21.1421943067778,171,18,4,0,7,193,0.00498728385770509
"48",21.1837704459817,171,17,5,0,7,193,0.00498728385770509
"49",21.2433683323341,171,16,6,0,7,193,0.00498728385770509
"50",21.354355750689,170,17,6,0,7,193,0.00498728385770509
"51",21.3659423229478,170,16,7,0,7,193,0.00498728385770509
"52",21.3880983651991,170,15,8,0,7,193,0.00498728385770509
"53",21.4603238427782,170,15,7,0,8,192,0.00498998630934394
"54",21.4799639150362,170,14,8,0,8,192,0.00498998630934394
"55",21.4843822496546,170,13,8,0,8,191,0.00498851584008402
"56",21.582270414869,169,14,8,0,8,191,0.00498851584008402
"57",21.5824987614688,169,14,7,0,9,190,0.00498542661082533
"58",21.6388450470307,170,14,7,0,9,191,0.00499176772670372
"59",21.6458357348953,170,13,8,0,9,191,0.00499176772670372
"60",21.6993718110159,170,12,9,0,9,191,0.00499176772670372
"61",21.7694195679736,170,11,10,0,9,191,0.00499176772670372
"62",21.7800489630032,170,10,11,0,9,191,0.00499176772670372
"63",21.8101515757742,170,10,10,0,10,190,0.00499482411233873
"64",21.8158080418569,169,11,10,0,10,190,0.00499482411233873
"65",21.8529604030149,168,12,10,0,10,190,0.00499482411233873
"66",21.8595358724076,167,13,10,0,10,190,0.00499482411233873
"67",21.9131624324054,166,14,10,0,10,190,0.00499482411233873
"68",21.9781664243315,166,14,9,0,11,189,0.00499302154417541
"69",22.0564649657917,166,14,8,0,12,188,0.00499414745119558
"70",22.215339273475,166,13,9,0,12,188,0.00499414745119558
"71",22.2784236932013,165,14,9,0,12,188,0.00499414745119558
"72",22.4237380077518,164,15,9,0,12,188,0.00499414745119558
"73",22.4462131967332,163,16,9,0,12,188,0.00499414745119558
"74",22.4600604985862,163,15,10,0,12,188,0.00499414745119558
"75",22.4904685867829,162,16,10,0,12,188,0.00499414745119558
"76",22.5263553445276,161,17,10,0,12,188,0.00499414745119558
"77",22.5721958806217,161,17,9,0,13,187,0.00499578414412198
"78",22.5734118295599,160,18,9,0,13,187,0.00499578414412198
"79",22.6008164085862,160,17,10,0,13,187,0.00499578414412198
"80",22.6492569577131,160,16,11,0,13,187,0.00499578414412198
"81",22.6879203787208,160,16,10,0,14,186,0.0049984358484433
"82",22.7676174569006,159,17,10,0,14,186,0.0049984358484433
"83",22.8239438743751,159,16,11,0,14,186,0.0049984358484433
"84",22.8753605628734,159,16,10,0,15,185,0.00499434706662857
"85",22.9097791389828,159,16,9,0,16,184,0.00499497125891321
"86",22.9410758829162,158,17,9,0,16,184,0.00499497125891321
"87",23.0210163920186,157,18,9,0,16,184,0.00499497125891321
"88",23.0934579300296,157,18,8,0,17,183,0.00499920248644562
"89",23.1024988883522,156,19,8,0,17,183,0.00499920248644562
"90",23.1321771620031,156,19,7,0,18,182,0.00499663403788076
"91",23.1729577610848,156,18,8,0,18,182,0.00499663403788076
"92",23.197658799784,155,19,8,0,18,182,0.00499663403788076
"93",23.2282213476595,154,20,8,0,18,182,0.00499663403788076
"94",23.2841249042996,154,19,9,0,18,182,0.00499663403788076
"95",23.3496768820458,153,20,9,0,18,182,0.00499663403788076
"96",23.365425949432,152,21,9,0,18,182,0.00499663403788076
"97",23.4021105876032,151,22,9,0,18,182,0.00499663403788076
"98",23.4142705523872,151,21,10,0,18,182,0.00499663403788076
"99",23.4440667562418,150,22,10,0,18,182,0.00499663403788076
"100",23.4863274271213,149,23,10,0,18,182,0.00499663403788076
"101",23.6544677195558,149,22,11,0,18,182,0.00499663403788076
"102",23.7000586529015,148,23,11,0,18,182,0.00499663403788076
"103",23.7911404386554,148,23,10,0,19,181,0.00499975716036963
"104",23.7921976278634,147,24,10,0,19,181,0.00499975716036963
"105",23.8059111836722,147,23,11,0,19,181,0.00499975716036963
"106",23.8119230941518,146,24,11,0,19,181,0.00499975716036963
"107",23.8383426252998,145,25,11,0,19,181,0.00499975716036963
"108",23.8673495013366,145,24,12,0,19,181,0.00499975716036963
"109",23.9587286027783,144,25,12,0,19,181,0.00499975716036963
"110",23.9702640033342,143,26,12,0,19,181,0.00499975716036963
"111",24.0220851127175,143,26,11,0,20,180,0.00500219986395839
"112",24.0446449061789,142,27,11,0,20,180,0.00500219986395839
"113",24.0505435381916,142,27,10,0,21,179,0.0050021924633483
"114",24.0566324750999,141,28,10,0,21,179,0.0050021924633483
"115",24.091599092713,140,29,10,0,21,179,0.0050021924633483
"116",24.1043595795241,139,30,10,0,21,179,0.0050021924633483
"117",24.1583255101086,138,31,10,0,21,179,0.0050021924633483
"118",24.2414443272474,138,30,10,1,21,179,0.0050021924633483
"119",24.2732024746839,137,31,10,1,21,179,0.0050021924633483
"120",24.2836139153522,137,31,9,1,22,178,0.0050039950393475
"121",24.2965805007415,137,30,10,1,22,178,0.0050039950393475
"122",24.3811646688379,137,29,11,1,22,178,0.0050039950393475
"123",24.3893588146164,137,29,10,1,23,177,0.00500322609081476
"124",24.4811000857464,136,30,10,1,23,177,0.00500322609081476
"125",24.4861081122854,136,30,10,1,22,177,0.00500322609081476
"126",24.500002585193,136,30,9,1,23,176,0.00500177791082108
"127",24.5612188896606,136,30,8,1,24,175,0.00499950356822415
"128",24.5612977753669,135,31,8,1,24,175,0.00499950356822415
"129",24.597353592816,134,32,8,1,24,175,0.00499950356822415
"130",24.7452225233404,134,32,7,1,25,174,0.00499474672909638
"131",24.9392882979729,133,33,7,1,25,174,0.00499474672909638
"132",24.9460537030955,132,34,7,1,25,174,0.00499474672909638
"133",24.9620473401154,132,33,8,1,25,174,0.00499474672909638
"134",24.9716093762697,131,34,8,1,25,174,0.00499474672909638
"135",24.9737856525546,130,35,8,1,25,174,0.00499474672909638
"136",25.008962844883,130,34,9,1,25,174,0.00499474672909638
"137",25.0814481895937,129,35,9,1,25,174,0.00499474672909638
"138",25.1167003321643,128,36,9,1,25,174,0.00499474672909638
"139",25.1239928398721,127,37,9,1,25,174,0.00499474672909638
"140",25.179216275989,127,36,10,1,25,174,0.00499474672909638
"141",25.1853928723282,126,37,10,1,25,174,0.00499474672909638
"142",25.1961403015499,126,37,9,1,26,173,0.00499575216952178
"143",25.2108574626557,126,36,10,1,26,173,0.00499575216952178
"144",25.2404790388863,126,35,11,1,26,173,0.00499575216952178
"145",25.2817748854722,126,34,12,1,26,173,0.00499575216952178
"146",25.2988026427554,127,34,12,1,26,174,0.00499993266236884
"147",25.3079353376098,126,35,12,1,26,174,0.00499993266236884
"148",25.3388712877035,125,36,12,1,26,174,0.00499993266236884
"149",25.3907393636159,125,35,13,1,26,174,0.00499993266236884
"150",25.403821845396,125,34,14,1,26,174,0.00499993266236884
"151",25.4463118203004,125,33,15,1,26,174,0.00499993266236884
"152",25.485534695755,125,32,16,1,26,174,0.00499993266236884
"153",25.4956344495711,125,32,15,1,27,173,0.00499778120334733
"154",25.5297550805258,125,31,16,1,27,173,0.00499778120334733
"155",25.5366239340404,126,31,16,1,27,174,0.00500216597171802
"156",25.5520156964715,126,31,15,1,28,173,0.00500424350987045
"157",25.5787593433069,125,32,15,1,28,173,0.00500424350987045
"158",25.6314854083415,124,33,15,1,28,173,0.00500424350987045
"159",25.6461497271235,124,33,14,1,29,172,0.00500708890059329
"160",25.688041809924,124,32,15,1,29,172,0.00500708890059329
"161",25.6945705102394,124,32,14,1,30,171,0.00501270039604187
"162",25.740076771174,124,32,13,1,31,170,0.00501100219120034
"163",25.7501365998695,124,31,14,1,31,170,0.00501100219120034
"164",25.8024155165247,124,30,15,1,31,170,0.00501100219120034
"165",25.8402446238037,123,31,15,1,31,170,0.00501100219120034
"166",25.9023022998621,123,31,14,1,32,169,0.00500897881144245
"167",25.9341577403714,122,32,14,1,32,169,0.00500897881144245
"168",25.9416125171159,121,33,14,1,32,169,0.00500897881144245
"169",25.9941638087996,122,33,14,1,32,170,0.00500939447246778
"170",25.9998724649638,121,34,14,1,32,170,0.00500939447246778
"171",26.0044833324048,122,34,14,1,32,171,0.00500954265433234
"172",26.0293576283391,122,34,13,1,33,170,0.00501311207505738
"173",26.0574779173417,122,33,14,1,33,170,0.00501311207505738
"174",26.0857665696269,121,34,14,1,33,170,0.00501311207505738
"175",26.0934195820917,121,33,15,1,33,170,0.00501311207505738
"176",26.1033375944519,121,32,16,1,33,170,0.00501311207505738
"177",26.1185154720514,120,33,16,1,33,170,0.00501311207505738
"178",26.2425534041062,119,34,16,1,33,170,0.00501311207505738
"179",26.3341703487463,118,35,16,1,33,170,0.00501311207505738
"180",26.3553427667217,118,35,15,1,34,169,0.00502118380679384
"181",26.3728462982363,117,36,15,1,34,169,0.00502118380679384
"182",26.3728597230736,118,36,15,1,34,170,0.00502409018039253
"183",26.3869050142429,118,35,16,1,34,170,0.00502409018039253
"184",26.3941706979077,117,36,16,1,34,170,0.00502409018039253
"185",26.4127205141226,117,36,15,1,35,169,0.00502389112398693
"186",26.4802376433807,117,36,14,1,36,168,0.00502419279946612
"187",26.491305577803,118,36,14,1,36,169,0.00503081892568522
"188",26.5599180393019,118,35,15,1,36,169,0.00503081892568522
"189",26.5964614437111,117,36,15,1,36,169,0.00503081892568522
"190",26.6137257146901,116,37,15,1,36,169,0.00503081892568522
"191",26.6139212600557,115,38,15,1,36,169,0.00503081892568522
"192",26.6351709816472,115,37,16,1,36,169,0.00503081892568522
"193",26.6745818706926,115,37,15,1,37,168,0.00503586712948612
"194",26.6888892320712,114,38,15,1,37,168,0.00503586712948612
"195",26.7007387165526,113,39,15,1,37,168,0.00503586712948612
"196",26.7499923413235,112,40,15,1,37,168,0.00503586712948612
"197",26.8238445962402,111,41,15,1,37,168,0.00503586712948612
"198",26.8892725902528,112,41,15,1,37,169,0.00503519029270245
"199",26.8925344099836,111,42,15,1,37,169,0.00503519029270245
"200",26.9140575479408,111,41,16,1,37,169,0.00503519029270245
"201",26.9310472364688,110,42,16,1,37,169,0.00503519029270245
"202",26.9389834746837,109,43,16,1,37,169,0.00503519029270245
"203",26.9738846471925,109,42,16,2,37,169,0.00503519029270245
"204",26.9776982064106,109,42,15,2,38,168,0.00503563677145009
"205",27.032881250381,108,43,15,2,38,168,0.00503563677145009
"206",27.0556163639459,108,42,16,2,38,168,0.00503563677145009
"207",27.0766352337781,107,43,16,2,38,168,0.00503563677145009
"208",27.0844536660524,107,42,17,2,38,168,0.00503563677145009
"209",27.132534103904,106,43,17,2,38,168,0.00503563677145009
"210",27.1624753010567,105,44,17,2,38,168,0.00503563677145009
"211",27.2071057492964,104,45,17,2,38,168,0.00503563677145009
"212",27.2194327982197,103,46,17,2,38,168,0.00503563677145009
"213",27.2277644069966,103,45,18,2,38,168,0.00503563677145009
"214",27.3046340967127,103,45,17,2,39,167,0.0050412382135729
"215",27.4785377512265,103,45,16,2,40,166,0.00504067317708448
"216",27.5105373671775,103,44,17,2,40,166,0.00504067317708448
"217",27.5474037381034,102,45,17,2,40,166,0.00504067317708448
"218",27.5923034464048,102,45,16,2,41,165,0.00503944207311606
"219",27.6373890138758,102,44,17,2,41,165,0.00503944207311606
"220",27.6449214299365,102,43,18,2,41,165,0.00503944207311606
"221",27.6648132757897,101,44,18,2,41,165,0.00503944207311606
"222",27.7070103480925,101,44,17,2,42,164,0.00503942377618802
"223",27.7192396400782,101,43,18,2,42,164,0.00503942377618802
"224",27.7546131901024,101,43,17,2,43,163,0.00503815052944736
"225",27.7615594693361,101,43,16,2,44,162,0.00503580138546998
"226",27.7639417512283,101,42,17,2,44,162,0.00503580138546998
"227",27.8211640379567,101,42,16,2,45,161,0.00503580801785608
"228",27.8275599375484,101,41,17,2,45,161,0.00503580801785608
"229",27.8842649777967,102,41,17,2,45,162,0.00503489690881796
"230",27.8971454580114,101,42,17,2,45,162,0.00503489690881796
"231",27.9013228813742,101,42,16,2,46,161,0.00503377334236061
"232",27.955250872363,100,43,16,2,46,161,0.00503377334236061
"233",27.99141682474,100,42,17,2,46,161,0.00503377334236061
"234",28.0102227092785,99,43,17,2,46,161,0.00503377334236061
"235",28.0166161750494,98,44,17,2,46,161,0.00503377334236061
"236",28.0234994268187,98,44,16,2,47,160,0.00503782377594674
"237",28.0249749138964,98,43,17,2,47,160,0.00503782377594674
"238",28.0678214049067,98,42,18,2,47,160,0.00503782377594674
"239",28.1140377645427,97,43,18,2,47,160,0.00503782377594674
"240",28.1596385917052,97,43,17,2,48,159,0.00503818862565585
"241",28.1664828700395,97,43,16,2,49,158,0.00504034733314963
"242",28.1881896428226,97,43,15,2,50,157,0.00503520941827769
"243",28.1966143179549,96,44,15,2,50,157,0.00503520941827769
"244",28.2084536485872,96,43,16,2,50,157,0.00503520941827769
"245",28.2295425231653,96,43,16,2,49,157,0.00503520941827769
"246",28.2688782341591,95,44,16,2,49,157,0.00503520941827769
"247",28.2823457204918,95,43,17,2,49,157,0.00503520941827769
"248",28.3294641820777,95,43,16,2,50,156,0.00503536853085944
"249",28.3425888646655,95,42,17,2,50,156,0.00503536853085944
"250",28.3835175926095,94,43,17,2,50,156,0.00503536853085944
"251",28.4048715676959,94,42,18,2,50,156,0.00503536853085944
"252",28.4132513755648,94,42,17,2,51,155,0.00503452813496675
"253",28.4384893310903,93,43,17,2,51,155,0.00503452813496675
"254",28.5923761317723,92,44,17,2,51,155,0.00503452813496675
"255",28.6410045546522,92,43,18,2,51,155,0.00503452813496675
"256",28.6502506950348,91,44,18,2,51,155,0.00503452813496675
"257",28.6875495641561,91,43,19,2,51,155,0.00503452813496675
"258",28.7098795629669,90,44,19,2,51,155,0.00503452813496675
"259",28.715593255923,89,45,19,2,51,155,0.00503452813496675
"260",28.7378186685199,88,46,19,2,51,155,0.00503452813496675
"261",28.7471815024061,87,47,19,2,51,155,0.00503452813496675
"262",28.7502018511736,87,46,20,2,51,155,0.00503452813496675
"263",28.7531264903894,87,46,19,2,52,154,0.00503331053070253
"264",28.7699300734025,86,47,19,2,52,154,0.00503331053070253
"265",28.8153667373509,85,48,19,2,52,154,0.00503331053070253
"266",28.8599030257861,84,49,19,2,52,154,0.00503331053070253
"267",28.9080797882494,84,49,18,2,53,153,0.00503335924332386
"268",28.9609253638838,84,49,17,2,54,152,0.00502954660072628
"269",28.9796307328524,84,48,18,2,54,152,0.00502954660072628
"270",28.9878582659819,84,48,17,2,55,151,0.00502470432059965
"271",28.9987464927556,83,49,17,2,55,151,0.00502470432059965
"272",29.0141382232739,82,50,17,2,55,151,0.00502470432059965
"273",29.0216444848401,83,50,17,2,55,152,0.00502055148050323
"274",29.0516416787219,82,51,17,2,55,152,0.00502055148050323
"275",29.1073426491193,82,51,16,2,56,151,0.00502184456637997
"276",29.1208240181542,82,50,17,2,56,151,0.00502184456637997
"277",29.1258973168778,82,49,18,2,56,151,0.00502184456637997
"278",29.1277581171278,82,49,18,2,55,151,0.00502184456637997
"279",29.142765132472,82,49,17,2,56,150,0.00502192651283758
"280",29.2028157186439,81,50,17,2,56,150,0.00502192651283758
"281",29.2612740179097,80,51,17,2,56,150,0.00502192651283758
"282",29.28344643499,81,51,17,2,56,151,0.00502189530968575
"283",29.2872893046593,81,50,18,2,56,151,0.00502189530968575
"284",29.293990297078,81,49,19,2,56,151,0.00502189530968575
"285",29.2968864101512,81,48,20,2,56,151,0.00502189530968575
"286",29.3331775300963,80,49,20,2,56,151,0.00502189530968575
"287",29.3690021963755,79,50,20,2,56,151,0.00502189530968575
"288",29.4156327184892,79,49,21,2,56,151,0.00502189530968575
"289",29.422367847434,78,50,21,2,56,151,0.00502189530968575
"290",29.4234583152812,78,49,22,2,56,151,0.00502189530968575
"291",29.4291400837539,78,49,21,2,57,150,0.00502724947893395
"292",29.4794627521777,77,50,21,2,57,150,0.00502724947893395
"293",29.4941029378044,77,50,20,2,58,149,0.00503018830582339
"294",29.518536470559,76,51,20,2,58,149,0.00503018830582339
"295",29.5325868400697,75,52,20,2,58,149,0.00503018830582339
"296",29.5368204783778,74,53,20,2,58,149,0.00503018830582339
"297",29.554535570787,74,53,19,2,59,148,0.00502816798663055
"298",29.6406372008027,74,52,20,2,59,148,0.00502816798663055
"299",29.6514454149625,74,51,21,2,59,148,0.00502816798663055
"300",29.6674393996819,74,51,20,2,60,147,0.00502973442877669
"301",29.6746221924878,74,50,21,2,60,147,0.00502973442877669
"302",29.6752049866073,73,51,21,2,60,147,0.00502973442877669
"303",29.6779727494031,73,51,20,2,61,146,0.00503069969713658
"304",29.6836844593797,72,52,20,2,61,146,0.00503069969713658
"305",29.6982804913729,72,52,19,2,62,145,0.00502265914509201
"306",29.700847928666,71,53,19,2,62,145,0.00502265914509201
"307",29.7087656818414,71,53,18,2,63,144,0.00501923825499841
"308",29.7141658507438,70,54,18,2,63,144,0.00501923825499841
"309",29.7665663493308,70,54,17,2,64,143,0.00501796076763437
"310",29.7824004133478,70,53,18,2,64,143,0.00501796076763437
"311",29.7917761894168,70,53,17,2,65,142,0.0050145526816637
"312",29.8061856721064,69,54,17,2,65,142,0.0050145526816637
"313",29.8205408974516,69,53,18,2,65,142,0.0050145526816637
"314",29.8531755443058,69,52,19,2,65,142,0.0050145526816637
"315",29.8638373807418,68,53,19,2,65,142,0.0050145526816637
"316",29.9060915272375,68,52,20,2,65,142,0.0050145526816637
"317",29.9136068696166,67,53,20,2,65,142,0.0050145526816637
"318",29.9725885460824,67,53,19,2,66,141,0.00501486977217076
"319",30.0101518529633,66,54,19,2,66,141,0.00501486977217076
"320",30.0160557368214,65,55,19,2,66,141,0.00501486977217076
"321",30.0492985408128,65,54,20,2,66,141,0.00501486977217076
"322",30.0637796219944,65,53,21,2,66,141,0.00501486977217076
"323",30.0777539647185,65,52,22,2,66,141,0.00501486977217076
"324",30.0811713524437,64,53,22,2,66,141,0.00501486977217076
"325",30.1293747584231,63,54,22,2,66,141,0.00501486977217076
"326",30.1341902931091,63,53,23,2,66,141,0.00501486977217076
"327",30.1582606480151,63,53,22,2,67,140,0.00501191551174369
"328",30.1720875384589,63,53,21,2,68,139,0.00501604643055246
"329",30.1759535917435,62,54,21,2,68,139,0.00501604643055246
"330",30.2185799697136,61,55,21,2,68,139,0.00501604643055246
"331",30.230694013248,61,54,22,2,68,139,0.00501604643055246
"332",30.2432524905445,60,55,22,2,68,139,0.00501604643055246
"333",30.2558243086703,60,54,23,2,68,139,0.00501604643055246
"334",30.2613157480341,60,53,24,2,68,139,0.00501604643055246
"335",30.3276421088811,59,54,24,2,68,139,0.00501604643055246
"336",30.3299891096389,59,53,25,2,68,139,0.00501604643055246
"337",30.3988287033769,59,52,26,2,68,139,0.00501604643055246
"338",30.445457578258,59,51,27,2,68,139,0.00501604643055246
"339",30.4695340629639,59,51,26,2,69,138,0.00501367561449334
"340",30.494892881069,59,50,27,2,69,138,0.00501367561449334
"341",30.5200705252642,58,51,27,2,69,138,0.00501367561449334
"342",30.5363802110291,57,52,27,2,69,138,0.00501367561449334
"343",30.5676024147677,57,52,26,2,70,137,0.00501439797942971
"344",30.6032100188781,57,52,25,2,71,136,0.0050198584495471
"345",30.7109444504433,56,53,25,2,71,136,0.0050198584495471
"346",30.7132707656571,56,53,24,2,72,135,0.00502079368522328
"347",30.7254861178671,56,52,25,2,72,135,0.00502079368522328
"348",30.7889441779402,56,52,24,2,73,134,0.00501652128001218
"349",30.7927239666337,56,52,23,2,74,133,0.00502042136472459
"350",30.8682231075473,56,51,24,2,74,133,0.00502042136472459
"351",30.9006381454116,56,51,23,2,75,132,0.00502004643557001
"352",30.9029101458678,55,52,23,2,75,132,0.00502004643557001
"353",30.9105996433875,54,53,23,2,75,132,0.00502004643557001
"354",30.9274544425445,54,53,22,2,76,131,0.00501820772699165
"355",30.9360535336122,53,54,22,2,76,131,0.00501820772699165
"356",30.9509843777038,53,54,21,2,77,130,0.00501895446213972
"357",30.9517725178519,52,55,21,2,77,130,0.00501895446213972
"358",31.0172400729372,52,54,22,2,77,130,0.00501895446213972
"359",31.0201512351021,51,55,22,2,77,130,0.00501895446213972
"360",31.0698902727973,51,55,21,2,78,129,0.0050230363773897
"361",31.1329868266639,51,54,21,3,78,129,0.0050230363773897
"362",31.1999633296519,51,54,20,3,79,128,0.00502677082873949
"363",31.2124289915794,50,55,20,3,79,128,0.00502677082873949
"364",31.231714227802,49,56,20,3,79,128,0.00502677082873949
"365",31.2470345821675,49,55,21,3,79,128,0.00502677082873949
"366",31.2805891712556,50,55,21,3,79,129,0.00502980204252042
"367",31.3047043472544,49,56,21,3,79,129,0.00502980204252042
"368",31.3599487191261,48,57,21,3,79,129,0.00502980204252042
"369",31.3920664311262,48,56,22,3,79,129,0.00502980204252042
"370",31.4141009256426,48,55,23,3,79,129,0.00502980204252042
"371",31.4775714388162,49,55,23,3,79,130,0.00502623621253933
"372",31.4870939314615,49,55,22,3,80,129,0.00502968776996212
"373",31.5609373536454,48,56,22,3,80,129,0.00502968776996212
"374",31.586035794267,47,57,22,3,80,129,0.00502968776996212
"375",31.625917549351,47,57,21,3,81,128,0.00503065132718758
"376",31.6282701521739,47,56,22,3,81,128,0.00503065132718758
"377",31.6512286882838,46,57,22,3,81,128,0.00503065132718758
"378",31.7631487739021,45,58,22,3,81,128,0.00503065132718758
"379",31.7724634154993,44,59,22,3,81,128,0.00503065132718758
"380",31.7801603113737,44,58,23,3,81,128,0.00503065132718758
"381",31.8029843938037,44,57,24,3,81,128,0.00503065132718758
"382",31.8159876227463,44,56,25,3,81,128,0.00503065132718758
"383",31.826363029881,43,57,25,3,81,128,0.00503065132718758
"384",31.9083163700017,43,57,24,3,82,127,0.00503058138057868
"385",31.9392758933007,42,58,24,3,82,127,0.00503058138057868
"386",31.9549929954717,42,57,24,4,82,127,0.00503058138057868
"387",31.9589331420765,43,57,24,4,82,128,0.0050238091981869
"388",31.9659605155218,43,56,25,4,82,128,0.0050238091981869
"389",31.9727915906304,43,55,25,5,82,128,0.0050238091981869
"390",31.9758573825253,43,55,24,5,83,127,0.00502487692137199
"391",31.9998068128256,43,54,25,5,83,127,0.00502487692137199
"392",32.0119003113247,43,53,26,5,83,127,0.00502487692137199
"393",32.0405207859794,42,54,26,5,83,127,0.00502487692137199
"394",32.0478541747521,41,55,26,5,83,127,0.00502487692137199
"395",32.1193355992302,41,55,25,5,84,126,0.00502837498848318
"396",32.1319814039497,40,56,25,5,84,126,0.00502837498848318
"397",32.135042429137,39,57,25,5,84,126,0.00502837498848318
"398",32.1538794818579,38,58,25,5,84,126,0.00502837498848318
"399",32.1539000339748,39,58,25,5,84,127,0.00502374482284297
"400",32.1956262088379,39,57,26,5,84,127,0.00502374482284297
"401",32.2175538283607,39,56,27,5,84,127,0.00502374482284297
"402",32.2232844125583,39,56,26,5,85,126,0.00502082526326058
"403",32.2234770133566,39,56,25,5,86,125,0.0050216200116623
"404",32.2812265736432,39,56,24,5,87,124,0.00501602712538032
"405",32.2847889044386,39,56,23,5,88,123,0.00501498514449574
"406",32.288425014027,39,56,22,5,89,122,0.00501184428037102
"407",32.3030258242762,39,56,21,5,90,121,0.00501015952976052
"408",32.315533654184,39,55,22,5,90,121,0.00501015952976052
"409",32.3240859102504,39,54,22,6,90,121,0.00501015952976052
"410",32.3872362337979,38,55,22,6,90,121,0.00501015952976052
"411",32.3884361564493,37,56,22,6,90,121,0.00501015952976052
"412",32.4058875419137,37,56,22,6,89,121,0.00501015952976052
"413",32.4240024838599,37,55,23,6,89,121,0.00501015952976052
"414",32.4242377957145,37,54,24,6,89,121,0.00501015952976052
"415",32.4837827474367,37,53,25,6,89,121,0.00501015952976052
"416",32.4869579782847,36,54,25,6,89,121,0.00501015952976052
"417",32.4998578563475,35,55,25,6,89,121,0.00501015952976052
"418",32.5174698309292,35,55,24,6,90,120,0.00500886695062295
"419",32.5467973119805,35,55,23,6,91,119,0.00500230373791619
"420",32.5871161682779,35,54,24,6,91,119,0.00500230373791619
"421",32.6543663488572,34,55,24,6,91,119,0.00500230373791619
"422",32.6559852799035,34,55,23,6,92,118,0.00500713966984292
"423",32.6606197232241,34,55,22,6,93,117,0.00500430302480524
"424",32.6689005916504,33,56,22,6,93,117,0.00500430302480524
"425",32.6851556764158,32,57,22,6,93,117,0.00500430302480524
"426",32.6955809508748,32,56,23,6,93,117,0.00500430302480524
"427",32.7018086111705,32,55,24,6,93,117,0.00500430302480524
"428",32.720603890506,31,55,24,6,93,116,0.00501024083864265
"429",32.732344902198,31,55,23,6,94,115,0.0050120090602024
"430",32.7470121690016,31,54,24,6,94,115,0.0050120090602024
"431",32.7661565127922,31,54,23,6,95,114,0.00500574716250249
"432",32.7896654163169,31,53,24,6,95,114,0.00500574716250249
"433",32.8496858802078,30,54,24,6,95,114,0.00500574716250249
"434",32.8589691150471,30,54,23,6,96,113,0.00500995577438314
"435",32.8832198064165,30,54,22,6,97,112,0.00500973454405345
"436",32.8898128232934,30,53,23,6,97,112,0.00500973454405345
"437",32.9056684577445,29,54,23,6,97,112,0.00500973454405345
"438",32.9178316028046,29,53,24,6,97,112,0.00500973454405345
"439",32.9312797771149,28,54,24,6,97,112,0.00500973454405345
"440",32.932454122153,29,54,24,6,97,113,0.00500601959471906
"441",32.9359953852797,30,54,24,6,97,114,0.00499967261529653
"442",32.9487889169069,30,54,23,6,98,113,0.00501256429184595
"443",33.0003466527405,29,55,23,6,98,113,0.00501256429184595
"444",33.0142945268969,28,56,23,6,98,113,0.00501256429184595
"445",33.0237750681579,27,57,23,6,98,113,0.00501256429184595
"446",33.0388873022613,26,58,23,6,98,113,0.00501256429184595
"447",33.0622005531451,25,59,23,6,98,113,0.00501256429184595
"448",33.082053422169,24,60,23,6,98,113,0.00501256429184595
"449",33.0823279073391,24,59,24,6,98,113,0.00501256429184595
"450",33.1328368993208,24,58,25,6,98,113,0.00501256429184595
"451",33.1603835752361,23,59,25,6,98,113,0.00501256429184595
"452",33.1753759596164,23,58,26,6,98,113,0.00501256429184595
"453",33.2008703033303,22,59,26,6,98,113,0.00501256429184595
"454",33.211224558227,22,59,25,6,99,112,0.00501284713601366
"455",33.2386222222828,22,58,26,6,99,112,0.00501284713601366
"456",33.2576634691842,22,58,25,6,100,111,0.00501595284386756
"457",33.2755328854338,22,58,24,6,101,110,0.00500918188271211
"458",33.3919440051018,22,57,25,6,101,110,0.00500918188271211
"459",33.4394605156376,22,57,24,6,102,109,0.00500400645962054
"460",33.4394797335957,21,58,24,6,102,109,0.00500400645962054
"461",33.4462656100134,21,58,23,6,103,108,0.00500209053786893
"462",33.4600715113393,21,57,24,6,103,108,0.00500209053786893
"463",33.4631542309319,21,56,25,6,103,108,0.00500209053786893
"464",33.4721127566397,21,56,24,6,104,107,0.00500447732521035
"465",33.4814845199122,21,56,23,6,105,106,0.00500435716000562
"466",33.4986859241408,21,55,24,6,105,106,0.00500435716000562
"467",33.5134968941841,21,54,25,6,105,106,0.00500435716000562
"468",33.5935210945722,20,55,25,6,105,106,0.00500435716000562
"469",33.6259098123086,19,56,25,6,105,106,0.00500435716000562
"470",33.6311448419274,19,55,26,6,105,106,0.00500435716000562
"471",33.6942084986694,19,55,25,6,106,105,0.00501214929026539
"472",33.7058982863228,19,54,26,6,106,105,0.00501214929026539
"473",33.7642295921837,18,55,26,6,106,105,0.00501214929026539
"474",33.7767012998962,18,54,27,6,106,105,0.00501214929026539
"475",33.8208908340455,18,54,26,6,107,104,0.00501150032973189
"476",33.8347600089503,18,54,25,6,108,103,0.00501054278794606
"477",33.9092324998591,18,53,26,6,108,103,0.00501054278794606
"478",33.9103462880913,18,52,27,6,108,103,0.00501054278794606
"479",33.9378896312255,18,52,26,6,109,102,0.00501631529813892
"480",33.9462902105605,18,51,27,6,109,102,0.00501631529813892
"481",34.0164256193419,18,50,28,6,109,102,0.00501631529813892
"482",34.0261668183227,17,51,28,6,109,102,0.00501631529813892
"483",34.063279163426,17,51,27,6,110,101,0.00502192207543392
"484",34.0754179993166,17,51,26,6,111,100,0.00501706296962621
"485",34.1103748505296,17,50,27,6,111,100,0.00501706296962621
"486",34.2197044619713,18,50,27,6,111,101,0.00501332791153973
"487",34.371593210594,18,50,27,6,110,101,0.00501332791153973
"488",34.396040673224,18,50,26,6,111,100,0.00501300931151062
"489",34.3973898611858,18,50,25,6,112,99,0.00501296683145607
"490",34.4300730036619,18,49,26,6,112,99,0.00501296683145607
"491",34.4506191134581,18,48,27,6,112,99,0.00501296683145607
"492",34.5075111932234,17,49,27,6,112,99,0.00501296683145607
"493",34.5610490908607,17,48,28,6,112,99,0.00501296683145607
"494",34.673031526106,17,48,27,6,113,98,0.00501474481520075
"495",34.6820889618505,17,48,26,6,114,97,0.00502153998152447
"496",34.6985578824516,16,49,26,6,114,97,0.00502153998152447
"497",34.7350275972939,16,49,25,6,115,96,0.00502104146098371
"498",34.7524260700984,16,49,25,6,114,96,0.00502104146098371
"499",34.8266270830362,15,50,25,6,114,96,0.00502104146098371
"500",34.8280035730473,15,49,26,6,114,96,0.00502104146098371
"501",34.8974373785632,15,49,25,6,115,95,0.00502657465305286
"502",34.9175501600377,14,50,25,6,115,95,0.00502657465305286
"503",34.9439417889375,14,49,26,6,115,95,0.00502657465305286
"504",34.9520796038036,14,48,27,6,115,95,0.00502657465305286
"505",35.0462200521252,14,48,26,6,116,94,0.00503147178611749
"506",35.0624417530396,14,48,25,6,117,93,0.00502912223253381
"507",35.0634444425273,14,47,26,6,117,93,0.00502912223253381
"508",35.0643854798299,14,47,25,6,118,92,0.00503127508924061
"509",35.104494787627,14,47,24,6,119,91,0.00503130837797009
"510",35.1323291257469,14,47,23,6,120,90,0.00502320368328256
"511",35.1337501288256,14,46,24,6,120,90,0.00502320368328256
"512",35.1348794717055,15,46,24,6,120,91,0.00502382387561736
"513",35.1612613656065,15,45,25,6,120,91,0.00502382387561736
"514",35.1898338047989,15,44,26,6,120,91,0.00502382387561736
"515",35.209130908522,15,43,27,6,120,91,0.00502382387561736
"516",35.2104605675175,15,43,26,6,121,90,0.00501565162849623
"517",35.2180923800259,15,43,25,6,122,89,0.00501616505427762
"518",35.2304004536507,15,43,24,6,123,88,0.00501595948779774
"519",35.3313490043754,14,44,24,6,123,88,0.00501595948779774
"520",35.4443688855247,14,43,25,6,123,88,0.00501595948779774
"521",35.4596113112215,14,42,26,6,123,88,0.00501595948779774
"522",35.4708721640063,14,41,27,6,123,88,0.00501595948779774
"523",35.4820042182084,13,42,27,6,123,88,0.00501595948779774
"524",35.4922834663982,12,43,27,6,123,88,0.00501595948779774
"525",35.6117404839978,11,44,27,6,123,88,0.00501595948779774
"526",35.7245008054749,10,45,27,6,123,88,0.00501595948779774
"527",35.7810839493955,10,45,26,6,124,87,0.00501793863508447
"528",35.787206660437,10,45,25,6,125,86,0.00503032592045693
"529",35.8144458679466,10,45,24,6,126,85,0.00503603798656082
"530",35.8567070540535,10,44,25,6,126,85,0.00503603798656082
"531",35.8795498305316,10,43,26,6,126,85,0.00503603798656082
"532",35.8994345906899,10,42,27,6,126,85,0.00503603798656082
"533",35.9906777843608,10,42,26,6,127,84,0.00503066282151309
"534",36.0152838377933,11,42,26,6,127,85,0.00504484409761886
"535",36.0194128341227,11,42,25,6,128,84,0.00505025955986114
"536",36.0876522073525,10,43,25,6,128,84,0.00505025955986114
"537",36.1242493502972,10,42,26,6,128,84,0.00505025955986114
"538",36.1366656879789,10,42,25,6,129,83,0.00506363599508612
"539",36.1367537460549,10,42,24,6,130,82,0.00506672691426612
"540",36.153039866269,9,43,24,6,130,82,0.00506672691426612
"541",36.153418319586,9,42,25,6,130,82,0.00506672691426612
"542",36.1539191373054,8,43,25,6,130,82,0.00506672691426612
"543",36.170134745973,8,43,24,6,131,81,0.00506968562572572
"544",36.1856452443848,8,42,25,6,131,81,0.00506968562572572
"545",36.2098701345696,8,41,26,6,131,81,0.00506968562572572
"546",36.2526745124911,8,40,27,6,131,81,0.00506968562572572
"547",36.3271923741857,7,41,27,6,131,81,0.00506968562572572
"548",36.3365105282602,7,41,26,6,132,80,0.00506536125701895
"549",36.4050509829658,7,40,27,6,132,80,0.00506536125701895
"550",36.4059698923646,8,40,27,6,132,81,0.00506553755243536
"551",36.4077011598335,8,40,26,6,133,80,0.00505776988996165
"552",36.4175618274037,8,40,25,6,134,79,0.00506150071997943
"553",36.4363635977021,8,40,24,6,135,78,0.0050580124891038
"554",36.4380633113307,7,41,24,6,135,78,0.0050580124891038
"555",36.6356074162686,7,41,23,6,136,77,0.00504390864960523
"556",36.6395722763085,6,42,23,6,136,77,0.00504390864960523
"557",36.6532584364153,6,42,23,6,135,77,0.00504390864960523
"558",36.7261809402202,6,41,24,6,135,77,0.00504390864960523
"559",36.7440776345893,6,41,23,6,136,76,0.00505165405918059
"560",36.7463241878853,6,40,24,6,136,76,0.00505165405918059
"561",36.772271007162,6,39,25,6,136,76,0.00505165405918059
"562",36.87618955959,6,39,24,6,137,75,0.00505211538864119
"563",36.8824094844053,6,38,25,6,137,75,0.00505211538864119
"564",36.9372806605143,6,38,24,6,138,74,0.00506049918250626
"565",36.96167979182,6,38,23,6,139,73,0.00506312383519935
"566",36.9662337634448,5,39,23,6,139,73,0.00506312383519935
"567",36.981274316702,5,39,22,6,140,72,0.00506384318406382
"568",37.0092201579979,5,39,21,6,141,71,0.00506835808338428
"569",37.1073728084491,5,38,22,6,141,71,0.00506835808338428
"570",37.1345407936408,6,38,22,6,141,72,0.00506240619476633
"571",37.1424056940085,6,38,21,6,142,71,0.00506308243933314
"572",37.1449170552412,6,38,20,6,143,70,0.00506975821637651
"573",37.1587803561244,6,38,19,6,144,69,0.00506028865538327
"574",37.200184602985,6,37,20,6,144,69,0.00506028865538327
"575",37.25888058631,6,36,21,6,144,69,0.00506028865538327
"576",37.3024483584888,6,35,22,6,144,69,0.00506028865538327
"577",37.3493035835746,6,34,23,6,144,69,0.00506028865538327
"578",37.4078950421777,6,34,22,6,145,68,0.00506092234299892
"579",37.5050835934367,6,34,21,6,146,67,0.00506332662228072
"580",37.5911010126997,5,35,21,6,146,67,0.00506332662228072
"581",37.6064414762178,5,35,20,6,147,66,0.00507132751649708
"582",37.6718377635056,5,35,19,6,148,65,0.00507398232338101
"583",37.7509988589062,5,34,20,6,148,65,0.00507398232338101
"584",37.8238617123124,6,34,20,6,148,66,0.00508426678555047
"585",37.8287479473448,6,34,19,6,149,65,0.00507941673189117
"586",37.9515375225724,6,33,20,6,149,65,0.00507941673189117
"587",37.9861310871911,6,33,19,6,150,64,0.00507967698214487
"588",38.0120947664015,5,34,19,6,150,64,0.00507967698214487
"589",38.0141361312726,5,34,18,6,151,63,0.00507140274720374
"590",38.0274263382163,5,34,17,6,152,62,0.00507688905205053
"591",38.0339849257489,4,35,17,6,152,62,0.00507688905205053
"592",38.0639504766074,4,35,17,6,151,62,0.00507688905205053
"593",38.0743153629328,4,35,16,6,152,61,0.00507237701305505
"594",38.106551034321,4,35,15,6,153,60,0.00506459313360666
"595",38.1073553011693,4,34,16,6,153,60,0.00506459313360666
"596",38.1083121004222,4,33,17,6,153,60,0.00506459313360666
"597",38.1694396599633,3,34,17,6,153,60,0.00506459313360666
"598",38.2478014881786,3,33,18,6,153,60,0.00506459313360666
"599",38.4040465794993,3,32,19,6,153,60,0.00506459313360666
"600",38.4161417563236,3,31,20,6,153,60,0.00506459313360666
"601",38.5337431824585,3,31,19,6,154,59,0.00506701875090431
"602",38.6487084039487,3,30,20,6,154,59,0.00506701875090431
"603",38.6635127555683,4,30,20,6,154,60,0.00505989880677078
"604",38.682570630788,4,29,21,6,154,60,0.00505989880677078
"605",38.7109669184359,4,29,20,6,155,59,0.00505675773324062
"606",38.917610592863,4,29,19,6,156,58,0.00506738555705207
"607",38.984503170091,3,30,19,6,156,58,0.00506738555705207
"608",38.9932875767429,3,30,18,6,157,57,0.00506662948667522
"609",39.0298771845749,3,29,19,6,157,57,0.00506662948667522
"610",39.3621644002934,3,29,18,6,158,56,0.00507977845747734
"611",39.491234587575,2,30,18,6,158,56,0.00507977845747734
"612",39.781763628002,2,30,17,6,159,55,0.00506754248713029
"613",40.0119698422861,2,30,16,6,160,54,0.00508124511400495
"614",40.0341278893588,2,30,15,6,161,53,0.00508488731702995
"615",40.0596991066261,1,31,15,6,161,53,0.00508488731702995
"616",40.3774173389184,1,30,16,6,161,53,0.00508488731702995
"617",40.4036905865381,1,29,17,6,161,53,0.00508488731702995
"618",40.424497497136,2,29,17,6,161,54,0.00510620553876095
"619",40.4391247502252,2,28,18,6,161,54,0.00510620553876095
"620",40.5551704563412,2,28,17,6,162,53,0.00509848739197208
"621",40.5719806821266,2,27,18,6,162,53,0.00509848739197208
"622",40.5776456902022,2,26,19,6,162,53,0.00509848739197208
"623",40.6768030943873,2,25,20,6,162,53,0.00509848739197208
"624",40.836290133689,2,24,21,6,162,53,0.00509848739197208
"625",40.8534661647321,2,24,21,6,161,53,0.00509848739197208
"626",40.9375014071393,2,24,20,6,162,52,0.00509435830874864
"627",40.9539007371064,2,24,19,6,163,51,0.00508876825235778
"628",41.0304132718666,2,24,18,6,164,50,0.00507608045890673
"629",41.0648817167813,2,24,17,6,165,49,0.00505738606127957
"630",41.1193526920179,2,24,16,6,166,48,0.00505967427746304
"631",41.1225680281979,2,23,17,6,166,48,0.00505967427746304
"632",41.2906642092296,2,22,18,6,166,48,0.00505967427746304
"633",41.3992830906246,2,21,19,6,166,48,0.00505967427746304
"634",41.4325359105337,2,21,18,6,167,47,0.00507384878068689
"635",41.4456213393638,3,21,18,6,167,48,0.00508799269830935
"636",41.4578831381624,3,21,17,6,168,47,0.00506440573989893
"637",41.5923266455014,3,21,16,6,169,46,0.00508140447466736
"638",41.7035090653126,3,21,15,6,170,45,0.00510179697333928
"639",41.7675195906381,3,21,14,6,171,44,0.00509626311140946
"640",41.8764765457171,3,21,13,6,172,43,0.00510858913388462
"641",41.9709347033287,3,21,12,6,173,42,0.00510498362200555
"642",41.9929979081168,3,21,11,6,174,41,0.00508230474772408
"643",42.0308376906585,3,21,10,6,175,40,0.00507715032838337
"644",42.064012863835,3,21,9,6,176,39,0.00507307993095998
"645",42.2802460695699,3,21,8,6,177,38,0.00507992075963518
"646",42.3247511266076,3,21,7,6,178,37,0.0050905862998402
"647",42.4059096843008,3,20,8,6,178,37,0.0050905862998402
"648",42.5396049374649,3,20,7,6,179,36,0.00508782504494056
"649",42.6870509529501,3,19,8,6,179,36,0.00508782504494056
"650",42.7296462748042,3,19,8,6,178,36,0.00508782504494056
"651",42.7351788461185,2,20,8,6,178,36,0.00508782504494056
"652",42.8980950061539,2,19,9,6,178,36,0.00508782504494056
"653",42.9118423637768,2,18,10,6,178,36,0.00508782504494056
"654",42.9911396229506,1,19,10,6,178,36,0.00508782504494056
"655",42.9993106219757,1,18,11,6,178,36,0.00508782504494056
"656",43.0076714456435,1,18,10,6,179,35,0.00507839726318229
"657",43.0204927250274,1,17,11,6,179,35,0.00507839726318229
"658",43.1118861210344,0,18,11,6,179,35,0.00507839726318229
"659",43.1353337071387,0,17,12,6,179,35,0.00507839726318229
"660",43.1475269732859,0,17,11,6,180,34,0.00509854210545406
"661",43.2159634508758,0,17,11,6,179,34,0.00509854210545406
"662",43.2436468926802,0,17,10,6,180,33,0.00506407152408891
"663",43.2744523559055,0,17,9,6,181,32,0.0050567466659271
"664",43.333989811992,0,17,8,6,182,31,0.00507886717250981
"665",43.4332489548317,0,16,9,6,182,31,0.00507886717250981
"666",43.4363962485707,0,16,8,6,183,30,0.00508536208184321
"667",43.4822033882544,0,15,9,6,183,30,0.00508536208184321
"668",43.6303126443988,0,14,10,6,183,30,0.00508536208184321
"669",43.7783881620421,0,14,9,6,184,29,0.00506234846995625
"670",43.7810257451672,0,14,8,6,185,28,0.00505460366450453
"671",43.8217094372016,0,14,7,6,186,27,0.00505367634890289
"672",43.9213988818799,0,13,8,6,186,27,0.00505367634890289
"673",44.0689544883624,1,13,8,6,186,28,0.00509590473967435
"674",44.1402131817297,1,13,7,6,187,27,0.00505367634890289
"675",44.1649991383498,1,13,6,6,188,26,0.00506959381990331
"676",44.3763462062271,1,13,5,6,189,25,0.00506919192526949
"677",44.5284756735755,1,12,6,6,189,25,0.00506919192526949
"678",45.0267949816455,1,11,7,6,189,25,0.00506919192526949
"679",45.2173651271824,2,11,7,5,189,25,0.00506919192526949
"680",45.322930707062,1,12,7,5,189,25,0.00506919192526949
"681",45.335152284635,1,12,6,5,190,24,0.00508708233453521
"682",45.4068821694803,1,12,5,5,191,23,0.00512722756497452
"683",45.4951509975822,1,12,5,5,190,23,0.00512722756497452
"684",45.6282863502393,0,13,5,5,190,23,0.00512722756497452
"685",45.668022421144,0,13,4,5,191,22,0.0050987944167204
"686",45.6876198080804,0,13,4,5,190,22,0.0050987944167204
"687",45.8852994138666,0,13,4,5,189,22,0.0050987944167204
"688",46.1214468469718,0,13,3,5,190,21,0.00510069198619347
"689",46.1507535483165,0,13,2,5,191,20,0.0051465645885496
"690",46.1565456233429,0,13,2,5,190,20,0.0051465645885496
"691",46.2358402112998,0,12,3,5,190,20,0.0051465645885496
"692",46.4070264407403,1,12,3,5,190,21,0.005120058906679
"693",46.5390859264563,0,13,3,5,190,21,0.005120058906679
"694",46.6786821306751,0,13,3,5,189,21,0.005120058906679
"695",46.8816091728741,0,13,2,5,190,20,0.00510517198168896
"696",46.9637811999661,0,12,3,5,190,20,0.00510517198168896
"697",47.082187144995,0,11,4,5,190,20,0.00510517198168896
"698",47.2151861393809,0,11,4,5,189,20,0.00510517198168896
"699",47.7179566123238,0,10,5,5,189,20,0.00510517198168896
"700",47.9624623928343,1,10,5,5,189,21,0.00507351350409311
"701",48.0459636556726,1,10,4,5,190,20,0.00508174503146706
"702",48.1460981982167,1,10,3,5,191,19,0.00504694254101588
"703",48.2051552315518,1,10,3,5,190,19,0.00504694254101588
"704",48.3538880671192,2,10,3,5,190,20,0.00502409267742844
"705",48.4549940876536,2,9,4,5,190,20,0.00502409267742844
"706",48.4810194646677,3,9,4,5,190,21,0.00508956905730772
"707",48.5981121225348,2,10,4,5,190,21,0.00508956905730772
"708",48.642215021812,2,10,4,5,189,21,0.00508956905730772
"709",49.0699568452615,2,10,3,5,190,20,0.00508909962883657
"710",49.149411911577,3,10,3,5,190,21,0.00506533037361897
"711",49.1979186551171,3,10,2,5,191,20,0.00508909962883657
"712",49.3489514517266,4,10,2,5,191,21,0.00505820650137655
"713",49.4805093876449,5,10,2,5,191,22,0.00507680052641397
"714",49.5071660721365,5,10,1,5,192,21,0.00509760902277216
"715",49.7418983762825,5,9,2,5,192,21,0.00509760902277216
"716",49.856169241132,4,10,2,5,192,21,0.00509760902277216
"717",49.9249363828252,5,10,2,5,192,22,0.00507453339761283
"718",50.1413236016773,4,11,2,5,192,22,0.00507453339761283
"719",50.2145096353977,4,10,3,5,192,22,0.00507453339761283
"720",50.3532484133283,5,10,3,5,192,23,0.00509156809692675
"721",50.533219219882,5,10,2,5,193,22,0.0051216266036824
"722",50.6210596663278,4,11,2,5,193,22,0.0051216266036824
"723",50.7054159147201,4,11,1,5,194,21,0.00510812228064967
"724",50.8939051976834,4,11,1,5,193,21,0.00510812228064967
"725",51.005204725981,3,12,1,5,193,21,0.00510812228064967
"726",51.0481029372349,3,11,2,5,193,21,0.00510812228064967
"727",51.0841730732288,3,10,3,5,193,21,0.00510812228064967
"728",51.2173516617533,3,9,4,5,193,21,0.00510812228064967
"729",51.5144891509566,3,9,3,5,194,20,0.00509016464207216
"730",51.6035304825393,2,10,3,5,194,20,0.00509016464207216
"731",51.6052104776198,2,9,4,5,194,20,0.00509016464207216
"732",51.6120789550908,2,9,3,5,195,19,0.0051112536471874
"733",51.6476371500921,3,9,3,4,195,19,0.0051112536471874
"734",51.8826605913778,3,9,2,4,196,18,0.00513744428853713
"735",51.923950367127,2,10,2,4,196,18,0.00513744428853713
"736",51.9363115991622,2,10,1,4,197,17,0.00511603242398999
"737",52.0465946920505,2,10,0,4,198,16,0.00515826295347835
"738",52.2660070891771,2,9,1,4,198,16,0.00515826295347835
"739",52.748060994877,1,10,1,4,198,16,0.00515826295347835
"740",52.8025528913348,1,9,2,4,198,16,0.00515826295347835
"741",52.8498493600929,1,8,3,4,198,16,0.00515826295347835
"742",53.011901138671,1,8,3,4,197,16,0.00515826295347835
"743",53.1844783455549,1,7,4,4,197,16,0.00515826295347835
"744",53.2112254313863,1,7,3,4,198,15,0.00513766214689692
"745",53.259217045965,1,7,3,4,197,15,0.00513766214689692
"746",53.3780603561115,1,7,3,4,196,15,0.00513766214689692
"747",53.4228602279992,1,7,2,4,197,14,0.00517678478101334
"748",53.4613609623035,1,7,2,4,196,14,0.00517678478101334
"749",53.4636853542302,1,7,2,4,195,14,0.00517678478101334
"750",53.5070817685702,1,6,3,4,195,14,0.00517678478101334
"751",53.559395581109,1,5,3,5,195,14,0.00517678478101334
"752",53.6007096116956,1,5,2,5,196,13,0.0052219262819169
"753",53.8063111165846,1,4,3,5,196,13,0.0052219262819169
"754",53.8351332989692,1,4,2,5,197,12,0.00517640510351713
"755",54.0894102419371,1,4,1,5,198,11,0.00508007181379107
"756",54.5881200684052,2,4,1,5,198,12,0.00511226011946122
"757",54.8823925961207,2,3,2,5,198,12,0.00511226011946122
"758",54.9531052640238,3,3,2,5,198,13,0.0050605742604393
"759",55.2358882260671,3,2,3,5,198,13,0.0050605742604393
"760",55.4249204462963,2,3,3,5,198,13,0.0050605742604393
"761",55.441217021392,1,4,3,5,198,13,0.0050605742604393
"762",55.5485101620173,1,4,2,5,199,12,0.00509979334303699
"763",55.5807064665865,0,5,2,5,199,12,0.00509979334303699
"764",55.6741616709617,1,5,2,5,199,13,0.00509824317709173
"765",56.0169408406777,1,5,2,5,198,13,0.00509824317709173
"766",56.3552447468976,1,5,1,5,199,12,0.00505219880659748
"767",56.5943698149814,0,6,1,5,199,12,0.00505219880659748
"768",56.9526461653271,1,6,1,5,199,13,0.00514326592074412
"769",57.1332569780089,1,5,2,5,199,13,0.00514326592074412
"770",57.2006304741467,1,4,2,6,199,13,0.00514326592074412
"771",58.1092106861042,1,4,2,6,198,13,0.00514326592074412
"772",58.6221925273972,1,4,1,6,199,12,0.00511634379065339
"773",58.7423495977842,0,5,1,6,199,12,0.00511634379065339
"774",59.1238371967447,0,4,2,6,199,12,0.00511634379065339
"775",59.1619778456002,0,4,2,6,198,12,0.00511634379065339
"776",59.1791115826321,0,4,1,6,199,11,0.00517779832142404
"777",59.9172526274571,0,4,0,6,200,10,0.00525154375834883
"778",60.0911894342727,0,4,0,6,199,10,0.00525154375834883
"779",60.9266201051196,0,3,1,6,199,10,0.00525154375834883
"780",61.1003812193828,0,3,0,6,200,9,0.00522767845573949
"781",61.4489491269227,1,3,0,6,200,10,0.00516390513709224
"782",61.9753371399229,1,3,0,6,199,10,0.00516390513709224
"783",62.0134191431233,0,4,0,6,199,10,0.00516390513709224
"784",62.3464993565361,0,3,1,6,199,10,0.00516390513709224
"785",62.6640478583023,0,2,2,6,199,10,0.00516390513709224
"786",62.787218856811,0,1,3,6,199,10,0.00516390513709224
"787",63.0641029959308,0,1,3,6,198,10,0.00516390513709224
"788",63.1833050447876,0,1,2,6,199,9,0.00504477556449096
"789",63.2265820005526,1,1,2,6,199,10,0.00504826212661673
"790",63.2687251162627,1,1,2,6,198,10,0.00504826212661673
"791",63.4067422952705,1,1,1,6,199,9,0.00508630999265604
"792",64.0382922341475,1,1,0,6,200,8,0.00514835558307967
"793",64.9850200493437,1,1,0,6,199,8,0.00514835558307967
"794",65.0519666478249,0,2,0,6,199,8,0.00514835558307967
"795",65.4807005686214,0,2,0,6,198,8,0.00514835558307967
"796",65.6853410440484,1,2,0,6,198,9,0.00506968762409039
"797",65.807824244659,2,2,0,6,198,10,0.00507068298025622
"798",65.922062737127,2,2,0,6,197,10,0.00507068298025622
"799",66.0075347094785,2,2,0,6,196,10,0.00507068298025622
"800",66.0751349637046,3,2,0,5,196,10,0.00507068298025622
"801",66.3201595619821,4,2,0,5,196,11,0.00499902670391939
"802",66.395879437028,5,2,0,5,196,12,0.00495246980794079
"803",66.4640412588425,6,2,0,5,196,13,0.00496225222161831
"804",66.4795104986023,5,3,0,5,196,13,0.00496225222161831
"805",66.5308818965952,4,4,0,5,196,13,0.00496225222161831
"806",66.7458542626738,4,4,0,5,195,13,0.00496225222161831
"807",66.8043249872021,3,5,0,5,195,13,0.00496225222161831
"808",66.9901203494809,2,6,0,5,195,13,0.00496225222161831
"809",67.040574150908,2,6,0,5,194,13,0.00496225222161831
"810",67.0974680012294,2,6,0,5,193,13,0.00496225222161831
"811",67.36877729516,2,6,0,5,192,13,0.00496225222161831
"812",67.4533833583556,2,5,1,5,192,13,0.00496225222161831
"813",67.5415513028294,2,4,2,5,192,13,0.00496225222161831
"814",67.5607234626498,2,3,3,5,192,13,0.00496225222161831
"815",67.5848623337126,2,3,2,5,193,12,0.00495246980794079
"816",67.6122786910584,2,3,1,5,194,11,0.00494090877359462
"817",67.8556739265405,2,2,2,5,194,11,0.00494090877359462
"818",68.1402651291254,3,2,2,4,194,11,0.00494090877359462
"819",68.1643605026965,3,2,2,4,193,11,0.00494090877359462
"820",68.4468657005273,2,3,2,4,193,11,0.00494090877359462
"821",69.0084862290031,2,3,1,4,194,10,0.00500675325689898
"822",69.1832868680073,2,3,0,4,195,9,0.0048520484348996
"823",69.2611768780918,2,2,1,4,195,9,0.0048520484348996
"824",69.587355526164,1,3,1,4,195,9,0.0048520484348996
"825",69.7782355752016,1,3,0,4,196,8,0.00490351149524002
"826",69.8715838189952,1,3,0,4,195,8,0.00490351149524002
"827",70.0455584216945,2,3,0,4,195,9,0.0048520484348996
"828",70.2148504831679,1,4,0,4,195,9,0.0048520484348996
"829",70.5293609974557,1,3,1,4,195,9,0.0048520484348996
"830",70.538784557407,1,2,2,4,195,9,0.0048520484348996
"831",70.6592901606745,1,2,1,4,196,8,0.00482359934104347
"832",70.7201909855217,2,2,1,4,196,9,0.00479763777751275
"833",70.8917239501384,1,3,1,4,196,9,0.00479763777751275
"834",71.1058385562632,2,3,1,4,196,10,0.00474612039381659
"835",71.8880091182142,1,4,1,4,196,10,0.00474612039381659
"836",72.4787493413598,1,3,2,4,196,10,0.00474612039381659
"837",72.5379408602877,2,3,2,4,196,11,0.00471832253548564
"838",72.5807271256767,2,2,3,4,196,11,0.00471832253548564
"839",72.7360628719165,2,2,3,4,195,11,0.00471832253548564
"840",72.837024081352,3,2,3,4,195,12,0.00474843242300756
"841",72.9350700765316,4,2,3,4,195,13,0.00472473330986668
"842",73.0776139498252,4,2,3,4,194,13,0.00472473330986668
"843",73.2642752697729,5,2,3,4,194,14,0.00475008387242968
"844",73.6012088863366,5,2,3,4,193,14,0.00475008387242968
"845",73.6086363537894,5,2,2,4,194,13,0.00478605463642034
"846",73.6519012104681,4,3,2,4,194,13,0.00478605463642034
"847",73.6726833773984,3,4,2,4,194,13,0.00478605463642034
"848",73.7021416513794,2,5,2,4,194,13,0.00478605463642034
"849",74.1054928628956,1,6,2,4,194,13,0.00478605463642034
"850",74.6991089541935,1,5,2,5,194,13,0.00478605463642034
"851",74.7879839606238,2,5,2,5,194,14,0.00475008387242968
"852",74.9697310194275,1,6,2,5,194,14,0.00475008387242968
"853",75.0319420471898,0,7,2,5,194,14,0.00475008387242968
"854",75.1937151432837,0,6,3,5,194,14,0.00475008387242968
"855",75.7927250579283,0,6,2,5,195,13,0.00463577714796244
"856",76.1147965640875,0,5,3,5,195,13,0.00463577714796244
"857",76.1842274641159,0,5,2,5,196,12,0.00465206324761129
"858",76.476734854559,0,4,3,5,196,12,0.00465206324761129
"859",76.4784353876749,0,4,2,5,197,11,0.00465771033655168
"860",76.5236964483921,0,4,2,5,196,11,0.00465771033655168
"861",76.6012741049002,0,3,3,5,196,11,0.00465771033655168
"862",76.6289608608956,0,3,2,5,197,10,0.00461551725163199
"863",76.6925334691115,0,3,2,5,196,10,0.00461551725163199
"864",76.9481470020515,0,2,3,5,196,10,0.00461551725163199
"865",77.3458215675037,0,2,3,5,195,10,0.00461551725163199
"866",77.647112609448,0,2,2,5,196,9,0.00463498095157152
"867",77.8255403366402,0,1,3,5,196,9,0.00463498095157152
"868",77.9168267359457,1,1,3,4,196,9,0.00463498095157152
"869",78.1019101690842,1,1,3,4,195,9,0.00463498095157152
"870",78.4307115304828,1,1,2,4,196,8,0.00467904557794907
"871",78.5754582207758,1,1,2,4,195,8,0.00467904557794907
"872",78.6371088704641,1,1,2,4,194,8,0.00467904557794907
"873",78.8183098359376,1,1,2,4,193,8,0.00467904557794907
"874",79.3110899379745,1,1,2,4,192,8,0.00467904557794907
"875",79.4002174739267,1,1,1,4,193,7,0.00471314581020234
"876",79.4510558946847,1,1,0,4,194,6,0.00475861278654003
"877",79.9255866599143,0,2,0,4,194,6,0.00475861278654003
"878",80.2296688145942,0,2,0,4,193,6,0.00475861278654003
"879",80.2327244740195,0,2,0,4,192,6,0.00475861278654003
"880",80.9868724705156,0,2,0,4,191,6,0.00475861278654003
"881",82.1047789589452,1,2,0,4,191,7,0.00471314581020234
"882",82.3076372462496,0,3,0,4,191,7,0.00471314581020234
"883",82.3439098144308,0,3,0,4,190,7,0.00471314581020234
"884",82.4613703481765,0,2,1,4,190,7,0.00471314581020234
"885",82.7216361625658,1,2,1,4,190,8,0.00475895773214563
"886",83.0286717904729,1,2,0,4,191,7,0.00480447398642697
"887",83.2098064998412,1,1,1,4,191,7,0.00480447398642697
"888",83.3546320180361,0,2,1,4,191,7,0.00480447398642697
"889",83.3896967872792,0,2,1,4,190,7,0.00480447398642697
"890",83.8200882567801,0,2,1,4,189,7,0.00480447398642697
"891",84.9045837983544,0,1,2,4,189,7,0.00480447398642697
"892",85.6923151121567,0,0,3,4,189,7,0.00480447398642697
"893",86.1014773301886,0,0,2,4,190,6,0.00475861278654003
"894",88.026515793093,0,0,1,4,191,5,0.00469440710669831
"895",88.6558821109232,0,0,1,4,190,5,0.00469440710669831
"896",88.8725609306427,0,0,1,4,189,5,0.00469440710669831
"897",89.8728425360079,0,0,0,4,190,4,0.00479739289823512
"898",90.4388154877115,0,0,0,4,189,4,0.00479739289823512
"899",90.538652163021,0,0,0,4,188,4,0.00479739289823512
"900",90.7547737620416,1,0,0,3,188,4,0.00479739289823512
"901",90.767537418818,1,0,0,3,187,4,0.00479739289823512
"902",90.8973205018517,1,0,0,3,186,4,0.00479739289823512
"903",90.9708905091127,1,0,0,3,185,4,0.00479739289823512
"904",91.2090853213158,1,0,0,3,184,4,0.00479739289823512
"905",91.818746913424,1,0,0,3,183,4,0.00479739289823512
"906",92.4878056906432,0,1,0,3,183,4,0.00479739289823512
"907",92.7156895734444,0,1,0,3,182,4,0.00479739289823512
"908",93.1828828230042,0,1,0,3,181,4,0.00479739289823512
"909",94.1806191969352,0,1,0,3,180,4,0.00479739289823512
"910",94.4993523454224,0,1,0,3,179,4,0.00479739289823512
"911",95.1102864887395,0,1,0,3,178,4,0.00479739289823512
"912",95.4495952523797,0,0,1,3,178,4,0.00479739289823512
"913",97.234892659951,0,0,0,3,179,3,0.00486654210789115
"914",97.3217548458597,1,0,0,3,179,4,0.00491981687735552
"915",97.335313362204,1,0,0,3,178,4,0.00491981687735552
"916",97.3598285146886,2,0,0,3,178,5,0.00495178173903414
"917",97.5745901083133,1,1,0,3,178,5,0.00495178173903414
"918",97.9395604056891,0,2,0,3,178,5,0.00495178173903414
"919",98.3910134685877,0,2,0,3,177,5,0.00495178173903414
"920",98.5351717365742,0,2,0,3,176,5,0.00495178173903414
"921",101.238723630152,0,2,0,3,175,5,0.00495178173903414
"922",101.520902765479,0,2,0,3,174,5,0.00495178173903414
"923",101.823616262294,0,2,0,3,173,5,0.00495178173903414
"924",103.593309579832,0,2,0,3,172,5,0.00495178173903414
"925",103.82812699091,0,2,0,3,171,5,0.00495178173903414
"926",104.22252120038,0,2,0,3,170,5,0.00495178173903414
"927",105.724139156489,0,1,1,3,170,5,0.00495178173903414
"928",106.171698768231,0,1,1,3,169,5,0.00495178173903414
"929",106.172097983903,1,1,1,3,169,6,0.00486654210789115
"930",107.123401923255,1,1,1,3,168,6,0.00486654210789115
"931",107.465738292136,1,1,1,3,167,6,0.00486654210789115
"932",108.142322197088,1,1,1,3,166,6,0.00486654210789115
"933",108.206485228445,1,1,1,3,165,6,0.00486654210789115
"934",108.53613687639,1,1,0,3,166,5,0.00482392229231966
"935",109.013727149042,0,2,0,3,166,5,0.00482392229231966
"936",112.851853649001,0,2,0,3,165,5,0.00482392229231966
"937",112.872525272933,0,2,0,3,164,5,0.00482392229231966
"938",113.334882558429,0,1,1,3,164,5,0.00482392229231966
"939",113.722003794715,0,1,0,3,165,4,0.00475999256896241
"940",114.171008264306,0,1,0,3,164,4,0.00475999256896241
"941",116.474113771157,0,0,1,3,164,4,0.00475999256896241
"942",116.608804308905,1,0,1,3,164,5,0.00469606284560517
"943",116.867161295859,0,1,1,3,164,5,0.00469606284560517
"944",116.897339565834,0,1,1,3,163,5,0.00469606284560517
"945",116.923017923067,0,1,1,3,162,5,0.00469606284560517
"946",118.109436891219,0,1,1,3,161,5,0.00469606284560517
"947",118.396456924734,0,1,1,3,160,5,0.00469606284560517
"948",119.177219837168,0,1,1,3,159,5,0.00469606284560517
"949",119.277596131364,0,1,0,3,160,4,0.00475999256896241
"950",120.455606628719,0,1,0,3,159,4,0.00475999256896241
"951",120.687681539482,1,1,0,3,159,5,0.00482392229231966
"952",121.764576583461,0,2,0,3,159,5,0.00482392229231966
"953",123.185249281672,0,2,0,3,158,5,0.00482392229231966
"954",123.350468809275,0,2,0,3,157,5,0.00482392229231966
"955",123.672252127661,0,1,1,3,157,5,0.00482392229231966
"956",123.70982306072,0,1,0,3,158,4,0.00491981687735552
"957",123.81172012004,0,1,0,3,157,4,0.00491981687735552
"958",124.205825767472,0,0,1,3,157,4,0.00491981687735552
"959",124.542946938215,0,0,1,3,156,4,0.00491981687735552
"960",125.157694991246,0,0,1,3,155,4,0.00491981687735552
"961",125.96966057263,0,0,1,3,154,4,0.00491981687735552
"962",126.43136766007,1,0,1,3,154,5,0.00482392229231966
"963",126.435464944378,0,1,1,3,154,5,0.00482392229231966
"964",126.53375464691,0,0,2,3,154,5,0.00482392229231966
"965",127.07581113424,1,0,2,3,154,6,0.00486654210789115
"966",128.150505124578,1,0,2,3,153,6,0.00486654210789115
"967",128.218240300359,0,1,2,3,153,6,0.00486654210789115
"968",128.415891797637,0,1,1,3,154,5,0.00495178173903414
"969",128.466415556171,0,0,2,3,154,5,0.00495178173903414
"970",128.884601375239,0,0,2,3,153,5,0.00495178173903414
"971",129.196039249683,0,0,1,3,154,4,0.00491981687735552
"972",129.592197882711,0,0,1,3,153,4,0.00491981687735552
"973",129.813643551334,0,0,1,3,152,4,0.00491981687735552
"974",129.872678020923,0,0,1,3,151,4,0.00491981687735552
"975",129.946531404866,0,0,1,3,150,4,0.00491981687735552
"976",130.468898300242,0,0,1,3,149,4,0.00491981687735552
"977",130.638506224989,0,0,1,3,148,4,0.00491981687735552
"978",130.843114314098,0,0,1,3,147,4,0.00491981687735552
"979",132.38323313605,0,0,1,3,146,4,0.00491981687735552
"980",133.23906329557,0,0,1,3,145,4,0.00491981687735552
"981",133.309913080875,0,0,1,3,144,4,0.00491981687735552
"982",133.342896273364,0,0,0,3,145,3,0.00486654210789115
"983",134.294710433727,0,0,0,3,144,3,0.00486654210789115
"984",134.897379463928,1,0,0,3,144,4,0.00491981687735552
"985",135.631642755592,2,0,0,3,144,5,0.00495178173903414
"986",136.153280383216,2,0,0,3,143,5,0.00495178173903414
"987",136.229102635954,1,1,0,3,143,5,0.00495178173903414
"988",136.41775257115,2,1,0,3,143,6,0.00497309164681989
"989",136.586708711292,1,2,0,3,143,6,0.00497309164681989
"990",136.615195805822,0,3,0,3,143,6,0.00497309164681989
"991",136.845088413963,0,2,1,3,143,6,0.00497309164681989
"992",137.058798613467,1,2,1,3,143,7,0.00498831300952399
"993",137.352613295691,1,1,2,3,143,7,0.00498831300952399
"994",137.402141489048,1,1,2,3,142,7,0.00498831300952399
"995",137.513486069458,1,1,2,3,141,7,0.00498831300952399
"996",137.932782198884,1,0,3,3,141,7,0.00498831300952399
"997",138.352491638633,1,0,3,3,140,7,0.00498831300952399
"998",138.639599315144,1,0,2,3,141,6,0.00497309164681989
"999",140.229349234181,1,0,1,3,142,5,0.00495178173903414
"1000",140.268485079067,1,0,1,3,141,5,0.00495178173903414
"1001",140.645810108647,0,1,1,3,141,5,0.00495178173903414
"1002",140.72494170153,0,1,1,3,140,5,0.00495178173903414
"1003",140.817854960515,0,1,0,3,141,4,0.00491981687735552
"1004",141.30590575644,0,1,0,3,140,4,0.00491981687735552
"1005",141.441249804582,0,1,0,3,139,4,0.00491981687735552
"1006",143.164731387749,0,1,0,3,138,4,0.00491981687735552
"1007",143.193049650482,0,1,0,3,137,4,0.00491981687735552
"1008",144.171110706286,1,1,0,3,137,5,0.00495178173903414
"1009",145.78454066816,1,1,0,3,136,5,0.00495178173903414
"1010",146.683316008497,0,2,0,3,136,5,0.00495178173903414
"1011",147.262031969271,0,1,1,3,136,5,0.00495178173903414
"1012",147.305981123302,0,0,2,3,136,5,0.00495178173903414
"1013",147.737453788971,0,0,2,3,135,5,0.00495178173903414
"1014",148.20840284399,1,0,2,3,135,6,0.00497309164681989
"1015",148.789639288468,2,0,2,3,135,7,0.00498831300952399
"1016",150.014762608427,2,0,2,3,134,7,0.00498831300952399
"1017",150.821464013814,2,0,1,3,135,6,0.00497309164681989
"1018",151.775736657362,2,0,0,3,136,5,0.00495178173903414
"1019",151.942754936253,3,0,0,3,136,6,0.00486654210789115
"1020",152.280616385838,2,1,0,3,136,6,0.00486654210789115
"1021",152.491627678307,2,1,0,3,135,6,0.00486654210789115
"1022",152.685963919335,1,2,0,3,135,6,0.00486654210789115
"1023",152.744228196883,0,3,0,3,135,6,0.00486654210789115
"1024",153.209619491286,0,2,1,3,135,6,0.00486654210789115
"1025",154.286406424926,0,2,0,3,136,5,0.00482392229231966
"1026",154.437713046103,0,2,0,3,135,5,0.00482392229231966
"1027",155.698185150367,0,2,0,3,134,5,0.00482392229231966
"1028",156.010350749954,0,2,0,3,133,5,0.00482392229231966
"1029",156.037623063587,0,2,0,3,132,5,0.00482392229231966
"1030",158.15417314188,0,2,0,3,131,5,0.00482392229231966
"1031",158.728638432756,0,2,0,3,130,5,0.00482392229231966
"1032",158.93595907628,0,1,1,3,130,5,0.00482392229231966
"1033",159.411530844154,0,1,1,3,129,5,0.00482392229231966
"1034",159.658557581863,0,0,2,3,129,5,0.00482392229231966
"1035",159.977271325876,0,0,1,3,130,4,0.00491981687735552
"1036",160.834484415721,1,0,1,3,130,5,0.00495178173903414
"1037",161.532455948663,1,0,1,3,129,5,0.00495178173903414
"1038",162.352537957732,1,0,1,3,128,5,0.00495178173903414
"1039",162.461429168978,1,0,0,3,129,4,0.00491981687735552
"1040",162.604716024045,0,1,0,3,129,4,0.00491981687735552
"1041",162.782948627681,0,1,0,3,128,4,0.00491981687735552
"1042",162.848281799222,0,1,0,3,127,4,0.00491981687735552
"1043",164.714882191875,0,1,0,3,126,4,0.00491981687735552
"1044",165.878603969212,0,1,0,3,125,4,0.00491981687735552
"1045",167.678039062072,0,0,0,4,125,4,0.00491981687735552
"1046",168.176753114179,0,0,0,4,124,4,0.00491981687735552
"1047",169.992992161304,1,0,0,4,124,5,0.00495178173903414
"1048",171.331173502212,0,1,0,4,124,5,0.00495178173903414
"1049",171.660783042872,0,0,1,4,124,5,0.00495178173903414
"1050",171.717502259024,0,0,1,4,123,5,0.00495178173903414
"1051",171.961364370106,0,0,0,4,124,4,0.00491981687735552
"1052",172.675681353349,0,0,0,4,123,4,0.00491981687735552
"1053",172.694510823119,0,0,0,4,122,4,0.00491981687735552
"1054",172.873175036682,1,0,0,4,122,5,0.00508183268553281
"1055",173.4548203811,0,1,0,4,122,5,0.00508183268553281
"1056",173.966715743024,1,1,0,4,122,6,0.00508146743556878
"1057",175.34459423875,1,0,1,4,122,6,0.00508146743556878
"1058",175.54095696714,2,0,1,4,122,7,0.0049898783665127
"1059",176.279911272278,2,0,1,4,121,7,0.0049898783665127
"1060",176.537788774492,2,0,1,4,120,7,0.0049898783665127
"1061",176.564329215502,1,1,1,4,120,7,0.0049898783665127
"1062",176.761124625631,1,1,0,4,121,6,0.00486654210789115
"1063",177.045855084541,1,1,0,4,120,6,0.00486654210789115
"1064",177.084858849941,0,2,0,4,120,6,0.00486654210789115
"1065",177.387685579545,1,2,0,3,120,6,0.00486654210789115
"1066",177.465257106477,1,1,1,3,120,6,0.00486654210789115
"1067",177.531894692476,1,1,1,3,119,6,0.00486654210789115
"1068",177.554681063362,1,0,2,3,119,6,0.00486654210789115
"1069",177.673168188946,1,0,1,3,120,5,0.00495178173903414
"1070",177.951457206675,0,1,1,3,120,5,0.00495178173903414
"1071",178.808281510557,0,1,1,3,119,5,0.00495178173903414
"1072",179.18812306397,0,1,1,3,118,5,0.00495178173903414
"1073",179.816404918533,0,1,1,3,117,5,0.00495178173903414
"1074",180.816206475878,0,1,0,3,118,4,0.00491981687735552
"1075",181.807641996495,1,1,0,2,118,4,0.00491981687735552
"1076",182.770374722525,1,1,0,2,117,4,0.00491981687735552
"1077",184.502859250803,1,1,0,2,116,4,0.00491981687735552
"1078",185.429998389245,2,1,0,2,116,5,0.00495178173903414
"1079",185.722488830163,2,1,0,2,115,5,0.00495178173903414
"1080",186.858599605782,1,2,0,2,115,5,0.00495178173903414
"1081",187.089837825171,1,2,0,2,114,5,0.00495178173903414
"1082",187.120137729326,1,1,1,2,114,5,0.00495178173903414
"1083",187.165437810861,2,1,1,2,114,6,0.00497309164681989
"1084",187.198710697527,2,1,0,2,115,5,0.00495178173903414
"1085",187.222760668437,1,2,0,2,115,5,0.00495178173903414
"1086",188.324521296253,2,2,0,2,115,6,0.00486654210789115
"1087",188.926935589806,2,2,0,2,114,6,0.00486654210789115
"1088",189.225679451167,1,3,0,2,114,6,0.00486654210789115
"1089",189.918081098067,1,2,1,2,114,6,0.00486654210789115
"1090",189.966327868349,0,3,1,2,114,6,0.00486654210789115
"1091",190.038784112926,0,3,1,2,113,6,0.00486654210789115
"1092",190.458893481998,0,2,2,2,113,6,0.00486654210789115
"1093",190.460910114086,0,1,3,2,113,6,0.00486654210789115
"1094",190.556857941268,0,0,4,2,113,6,0.00486654210789115
"1095",190.566000127154,0,0,3,2,114,5,0.00482392229231966
"1096",190.942001665663,0,0,2,2,115,4,0.00475999256896241
"1097",192.041268368975,0,0,1,2,116,3,0.00465344303003368
"1098",192.98820229117,0,0,1,2,115,3,0.00465344303003368
"1099",194.336399575369,1,0,1,2,115,4,0.00475999256896241
"1100",194.898208714968,1,0,1,2,114,4,0.00475999256896241
"1101",196.657316667089,1,0,0,2,115,3,0.00486654210789115
"1102",197.01206287965,1,0,0,2,114,3,0.00486654210789115
"1103",197.712866066619,1,0,0,2,113,3,0.00486654210789115
"1104",197.876900689024,0,1,0,2,113,3,0.00486654210789115
"1105",198.91726448791,0,1,0,2,112,3,0.00486654210789115
"1106",201.266952508287,0,1,0,2,111,3,0.00486654210789115
"1107",202.751358559582,0,1,0,2,110,3,0.00486654210789115
"1108",205.127855464458,0,0,1,2,110,3,0.00486654210789115
"1109",206.51116349472,0,0,0,2,111,2,0.00475999256896241
"1110",207.036228779911,0,0,0,2,110,2,0.00475999256896241
"1111",207.349563033329,0,0,0,2,109,2,0.00475999256896241
"1112",208.41107677066,0,0,0,2,108,2,0.00475999256896241
"1113",208.72366189391,0,0,0,2,107,2,0.00475999256896241
"1114",209.255702486743,0,0,0,2,106,2,0.00475999256896241
"1115",210.176348746012,0,0,0,2,105,2,0.00475999256896241
"1116",211.504065221124,0,0,0,2,104,2,0.00475999256896241
"1117",212.746856124663,0,0,0,2,103,2,0.00475999256896241
"1118",214.154134857394,0,0,0,2,102,2,0.00475999256896241
"1119",215.070413892595,0,0,0,2,101,2,0.00475999256896241
"1120",215.813042863611,0,0,0,2,100,2,0.00475999256896241
"1121",215.948468623301,0,0,0,2,99,2,0.00475999256896241
"1122",216.410206927569,0,0,0,2,98,2,0.00475999256896241
"1123",217.496908450356,1,0,0,2,98,3,0.00486654210789115
"1124",220.000470355254,1,0,0,2,97,3,0.00486654210789115
"1125",221.051742999146,1,0,0,2,96,3,0.00486654210789115
"1126",222.637919726922,2,0,0,2,96,4,0.00475999256896241
"1127",223.854083928317,2,0,0,2,95,4,0.00475999256896241
"1128",224.648902252995,2,0,0,2,94,4,0.00475999256896241
"1129",225.374243355042,1,1,0,2,94,4,0.00475999256896241
"1130",225.720913778967,1,1,0,2,93,4,0.00475999256896241
"1131",225.73100693133,0,2,0,2,93,4,0.00475999256896241
"1132",225.944605223074,0,2,0,2,92,4,0.00475999256896241
"1133",228.456314478706,0,2,0,2,91,4,0.00475999256896241
"1134",229.277251361422,0,2,0,2,90,4,0.00475999256896241
"1135",229.625512215474,0,1,1,2,90,4,0.00475999256896241
"1136",230.110189323886,0,0,2,2,90,4,0.00475999256896241
"1137",230.588141108083,0,0,1,2,91,3,0.00465344303003368
"1138",230.961860648472,0,0,1,2,90,3,0.00465344303003368
"1139",231.024739616435,0,0,0,2,91,2,0.00475999256896241
"1140",231.105515981747,0,0,0,2,90,2,0.00475999256896241
"1141",232.003052660764,0,0,0,2,89,2,0.00475999256896241
"1142",232.771204386887,1,0,0,1,89,2,0.00475999256896241
"1143",232.830074365819,2,0,0,1,89,3,0.00465344303003368
"1144",233.182888891538,1,1,0,1,89,3,0.00465344303003368
"1145",234.805886264192,0,2,0,1,89,3,0.00465344303003368
"1146",235.857963923288,0,1,1,1,89,3,0.00465344303003368
"1147",236.872376535097,0,1,1,1,88,3,0.00465344303003368
"1148",237.374969342621,0,0,2,1,88,3,0.00465344303003368
"1149",237.597243926367,1,0,2,0,88,3,0.00465344303003368
"1150",237.760804234207,1,0,1,0,89,2,0.00475999256896241
"1151",238.322373135737,1,0,0,0,90,1,0.00507964118574863
"1152",238.436167656576,1,0,0,0,89,1,0.00507964118574863
"1153",240.39266041748,1,0,0,0,88,1,0.00507964118574863
"1154",241.457882446416,1,0,0,0,87,1,0.00507964118574863
"1155",242.912326444933,1,0,0,0,86,1,0.00507964118574863
"1156",244.612775197541,0,1,0,0,86,1,0.00507964118574863
"1157",244.875513962869,0,1,0,0,85,1,0.00507964118574863
"1158",244.997719130192,0,1,0,0,84,1,0.00507964118574863
"1159",246.387258321377,0,1,0,0,83,1,0.00507964118574863
"1160",246.407468688828,0,1,0,0,82,1,0.00507964118574863
"1161",247.760222177499,0,1,0,0,81,1,0.00507964118574863
"1162",248.13085470905,0,1,0,0,80,1,0.00507964118574863
"1163",251.237971733488,0,1,0,0,79,1,0.00507964118574863
"1164",254.959745494438,0,1,0,0,78,1,0.00507964118574863
"1165",254.967916488577,0,1,0,0,77,1,0.00507964118574863
"1166",257.712181318092,0,1,0,0,76,1,0.00507964118574863
"1167",258.21988689458,0,1,0,0,75,1,0.00507964118574863
"1168",259.302834374387,0,1,0,0,74,1,0.00507964118574863
"1169",260.246725048342,0,1,0,0,73,1,0.00507964118574863
"1170",260.26365749299,0,1,0,0,72,1,0.00507964118574863
"1171",261.189324355786,0,1,0,0,71,1,0.00507964118574863
"1172",261.860272587889,0,1,0,0,70,1,0.00507964118574863
"1173",263.165604423012,0,0,1,0,70,1,0.00507964118574863
"1174",263.424969015733,0,0,0,0,71,0,NA
